anio_tri,provincia,ingresos (en miles de pesos)
20141,Buenos Aires,430638.06371177227
20142,Buenos Aires,476259.9948707799
20143,Buenos Aires,522067.7727329894
20144,Buenos Aires,585980.0120228288
20151,Buenos Aires,726938.7232237584
20152,Buenos Aires,706258.0945712208
20153,Buenos Aires,786275.4976917934
20154,Buenos Aires,828853.3868351807
20161,Buenos Aires,900254.2523053746
20162,Buenos Aires,1025402.7378743745
20163,Buenos Aires,1099377.1507460198
20164,Buenos Aires,1212047.3395222882
20171,Buenos Aires,1347740.27726983
20172,Buenos Aires,1440268.1208685592
20173,Buenos Aires,1480872.5469710971
20174,Buenos Aires,1710328.7992422879
20181,Buenos Aires,2181564.60329041
20182,Buenos Aires,2377387.3453353527
20183,Buenos Aires,2626259.274525467
20184,Buenos Aires,2842348.0057526203
20191,Buenos Aires,3539833.584152638
20192,Buenos Aires,3721994.030440821
20193,Buenos Aires,3971676.69297714
20194,Buenos Aires,4106653.9311338686
20201,Buenos Aires,5094567.098724225
20202,Buenos Aires,5536956.438954063
20203,Buenos Aires,5725310.926554211
20204,Buenos Aires,6118348.136974227
20211,Buenos Aires,6703151.459595668
20212,Buenos Aires,7078869.7922637705
20213,Buenos Aires,8151127.172792822
20214,Buenos Aires,9097517.324602356
20221,Buenos Aires,11184560.85599228
20222,Buenos Aires,12378729.87645961
20223,Buenos Aires,13851461.852312235
20141,Capital Federal,498767.86970778625
20142,Capital Federal,551033.153047853
20143,Capital Federal,589463.5292450538
20144,Capital Federal,675882.2634234455
20151,Capital Federal,834302.3300750824
20152,Capital Federal,812622.3183831298
20153,Capital Federal,907770.1415321418
20154,Capital Federal,945796.1108110364
20161,Capital Federal,1018035.2308969578
20162,Capital Federal,1167956.2532735625
20163,Capital Federal,1243071.20882161
20164,Capital Federal,1344291.2975583177
20171,Capital Federal,1404086.0210743293
20172,Capital Federal,1787935.5863844203
20173,Capital Federal,1826515.8896801018
20174,Capital Federal,2054410.731784448
20181,Capital Federal,2083662.55642903
20182,Capital Federal,2271455.4377604173
20183,Capital Federal,2488658.3668993595
20184,Capital Federal,2682294.923688486
20191,Capital Federal,3285782.5486537768
20192,Capital Federal,3414587.3411301374
20193,Capital Federal,3632031.937016285
20194,Capital Federal,3823821.1567528048
20201,Capital Federal,4725756.159936981
20202,Capital Federal,5086586.265599132
20203,Capital Federal,5130453.895951845
20204,Capital Federal,5409202.119007437
20211,Capital Federal,5921083.713343124
20212,Capital Federal,6271401.636002131
20213,Capital Federal,7124451.251034066
20214,Capital Federal,7533352.704343651
20221,Capital Federal,9254306.844483605
20222,Capital Federal,10898747.028982397
20223,Capital Federal,12209505.119581982
20141,Catamarca,322512.95605187264
20142,Catamarca,360065.7493489227
20143,Catamarca,383098.743172867
20144,Catamarca,449143.1531585539
20151,Catamarca,545724.4909100923
20152,Catamarca,533310.1533321786
20153,Catamarca,593990.7561291126
20154,Catamarca,628817.260835107
20161,Catamarca,685570.1002192943
20162,Catamarca,759215.2527066431
20163,Catamarca,815789.7157302417
20164,Catamarca,885242.5525202147
20171,Catamarca,995095.1238563425
20172,Catamarca,1120682.376160204
20173,Catamarca,1457589.7181228534
20174,Catamarca,1431951.555177153
20181,Catamarca,1924881.7104433582
20182,Catamarca,2097119.396164612
20183,Catamarca,2261095.244268057
20184,Catamarca,2389912.4974553604
20191,Catamarca,2899081.742276528
20192,Catamarca,2970390.2346356693
20193,Catamarca,2980019.1722328467
20194,Catamarca,3925276.960669676
20201,Catamarca,5020991.532935113
20202,Catamarca,6499949.938248352
20203,Catamarca,6725395.712109852
20204,Catamarca,7385889.593861239
20211,Catamarca,7993260.398240175
20212,Catamarca,8920240.528111389
20213,Catamarca,10101587.991900893
20214,Catamarca,11196075.007591916
20221,Catamarca,14421917.102047209
20222,Catamarca,16779841.84309374
20223,Catamarca,19524440.315705426
20141,Chaco,307599.3458876699
20142,Chaco,341064.38424322294
20143,Chaco,365330.93526761106
20144,Chaco,429816.7555524096
20151,Chaco,646523.2964697549
20152,Chaco,642322.0512298533
20153,Chaco,716883.4700664427
20154,Chaco,758357.3853499062
20161,Chaco,829357.5307262684
20162,Chaco,929390.6142374078
20163,Chaco,994188.122986501
20164,Chaco,1071922.1907137507
20171,Chaco,1238904.439183755
20172,Chaco,1398781.133033383
20173,Chaco,1501334.4386617776
20174,Chaco,1720721.6695503062
20181,Chaco,2020209.4005077665
20182,Chaco,2226208.5849897293
20183,Chaco,2474872.270298939
20184,Chaco,2697530.0343670724
20191,Chaco,3281329.6879928107
20192,Chaco,3523112.67819746
20193,Chaco,3861812.2878030757
20194,Chaco,4429674.268744028
20201,Chaco,5583808.47567678
20202,Chaco,6361181.906049576
20203,Chaco,6612577.453895102
20204,Chaco,7179918.874414522
20211,Chaco,7871463.329066634
20212,Chaco,8243122.792494383
20213,Chaco,9190119.133135358
20214,Chaco,9964136.384175135
20221,Chaco,12185128.739544515
20222,Chaco,13144329.94825573
20223,Chaco,14631700.270061791
20141,Chubut,379977.2694783625
20142,Chubut,418209.24297206267
20143,Chubut,436081.39007117046
20144,Chubut,490957.3291663602
20151,Chubut,566283.1029670567
20152,Chubut,531054.7582730864
20153,Chubut,585761.0922181063
20154,Chubut,612453.0714722925
20161,Chubut,661568.5868921581
20162,Chubut,728744.303603613
20163,Chubut,772204.531500155
20164,Chubut,833510.4393969773
20171,Chubut,958060.2529116673
20172,Chubut,1062396.2733697554
20173,Chubut,1436544.4345342598
20174,Chubut,1783741.9079824984
20181,Chubut,2184752.1296407366
20182,Chubut,2427344.849953973
20183,Chubut,2683271.776412042
20184,Chubut,2188954.6646251855
20191,Chubut,2682943.1960367197
20192,Chubut,3009620.7046435312
20193,Chubut,3180375.9153829273
20194,Chubut,3817166.581279709
20201,Chubut,4740646.29426892
20202,Chubut,5683665.383014665
20203,Chubut,6751846.476128097
20204,Chubut,7078317.0976088615
20211,Chubut,7812765.42782616
20212,Chubut,8535414.36465873
20213,Chubut,10715872.072799243
20214,Chubut,11592025.81441193
20221,Chubut,15113264.877274329
20222,Chubut,15498081.33405555
20223,Chubut,17470647.21913894
20141,Corrientes,313692.39829214715
20142,Corrientes,347842.927481315
20143,Corrientes,373384.8463546141
20144,Corrientes,438353.009407689
20151,Corrientes,664889.8161768647
20152,Corrientes,655035.1665129638
20153,Corrientes,732319.936448455
20154,Corrientes,768334.9371426458
20161,Corrientes,841078.7657598978
20162,Corrientes,941099.9618017047
20163,Corrientes,1011523.2741730829
20164,Corrientes,1091986.2201489415
20171,Corrientes,1267951.4854000888
20172,Corrientes,1430899.3704298893
20173,Corrientes,1525144.619800365
20174,Corrientes,1719426.4939286564
20181,Corrientes,2026064.1456305422
20182,Corrientes,2280211.596612061
20183,Corrientes,2485959.145882011
20184,Corrientes,2708915.4844752974
20191,Corrientes,3343428.308905429
20192,Corrientes,3728082.6360368053
20193,Corrientes,3925220.505487875
20194,Corrientes,4413286.475239523
20201,Corrientes,5462514.1647202
20202,Corrientes,6093217.804920068
20203,Corrientes,6291799.975877806
20204,Corrientes,6702477.591209378
20211,Corrientes,7369030.170990607
20212,Corrientes,7841617.470493677
20213,Corrientes,9093212.857565459
20214,Corrientes,9745738.045336332
20221,Corrientes,12473017.445310717
20222,Corrientes,13739601.38818133
20223,Corrientes,15225706.295038732
20141,Córdoba,394051.81572946865
20142,Córdoba,439567.68818405207
20143,Córdoba,474319.28085962444
20144,Córdoba,543318.9390339893
20151,Córdoba,670667.483585063
20152,Córdoba,660486.4757376193
20153,Córdoba,739653.5107322842
20154,Córdoba,775466.3534484634
20161,Córdoba,825174.2791445884
20162,Córdoba,945501.9175582882
20163,Córdoba,1012219.7440165229
20164,Córdoba,1085751.3275118084
20171,Córdoba,1261247.8832268948
20172,Córdoba,1435052.2566750462
20173,Córdoba,1577017.5580785598
20174,Córdoba,1787563.08192932
20181,Córdoba,2103615.2542078113
20182,Córdoba,2277962.786551229
20183,Córdoba,2489188.322537829
20184,Córdoba,2722884.119116596
20191,Córdoba,3328944.583492402
20192,Córdoba,3550191.060929448
20193,Córdoba,3734184.4146312303
20194,Córdoba,4283029.098570655
20201,Córdoba,5322576.009119857
20202,Córdoba,5868871.656637723
20203,Córdoba,6051604.929400296
20204,Córdoba,6584471.994466644
20211,Córdoba,7247289.059895344
20212,Córdoba,7703302.987738302
20213,Córdoba,8787665.607323073
20214,Córdoba,9661283.169252938
20221,Córdoba,11986802.799191713
20222,Córdoba,13271048.625311833
20223,Córdoba,14889119.395836173
20141,Entre Ríos,335995.70980622614
20142,Entre Ríos,371713.15864906827
20143,Entre Ríos,398636.0436683374
20144,Entre Ríos,466291.35538642085
20151,Entre Ríos,672075.4333016996
20152,Entre Ríos,661259.2052704077
20153,Entre Ríos,737483.9490659329
20154,Entre Ríos,776991.8412207784
20161,Entre Ríos,852850.3463517819
20162,Entre Ríos,957720.2056893072
20163,Entre Ríos,1029004.6682634953
20164,Entre Ríos,1108446.2725113616
20171,Entre Ríos,1280176.286301021
20172,Entre Ríos,1439203.993091442
20173,Entre Ríos,1515599.2503771153
20174,Entre Ríos,1761255.2881867017
20181,Entre Ríos,2100544.932492969
20182,Entre Ríos,2308019.5209924914
20183,Entre Ríos,2535446.875885332
20184,Entre Ríos,2963465.016536468
20191,Entre Ríos,3759500.3524006517
20192,Entre Ríos,3906054.687045383
20193,Entre Ríos,4107136.2204266614
20194,Entre Ríos,4591597.626128181
20201,Entre Ríos,5505631.463258806
20202,Entre Ríos,5946232.087128509
20203,Entre Ríos,6099737.987830289
20204,Entre Ríos,6534384.306606846
20211,Entre Ríos,7262034.952578558
20212,Entre Ríos,7724406.917136067
20213,Entre Ríos,8759234.023707807
20214,Entre Ríos,9407937.32128683
20221,Entre Ríos,11600684.215740569
20222,Entre Ríos,12630568.792917185
20223,Entre Ríos,13986838.554890072
20141,Formosa,322172.08787096484
20142,Formosa,355564.8206028359
20143,Formosa,383115.5217554918
20144,Formosa,439728.88571600505
20151,Formosa,547632.5617652183
20152,Formosa,535018.8458706196
20153,Formosa,601778.1325927153
20154,Formosa,635500.1461496209
20161,Formosa,700576.7776920283
20162,Formosa,784436.6061642313
20163,Formosa,798565.4037163829
20164,Formosa,920717.1067006286
20171,Formosa,1069926.5187335922
20172,Formosa,1197914.435420159
20173,Formosa,1331949.6317586296
20174,Formosa,1479893.7087126838
20181,Formosa,1746951.0683399248
20182,Formosa,2611861.8264221773
20183,Formosa,2825280.276556876
20184,Formosa,3066669.662926249
20191,Formosa,3717129.732341323
20192,Formosa,3910806.520340438
20193,Formosa,4040702.347935151
20194,Formosa,4564242.694742594
20201,Formosa,5610650.068348222
20202,Formosa,6195697.723350868
20203,Formosa,6328127.027996121
20204,Formosa,6753703.756086747
20211,Formosa,7439871.686994681
20212,Formosa,7875488.940137691
20213,Formosa,9050418.347426066
20214,Formosa,9707939.948637443
20221,Formosa,12044843.389367571
20222,Formosa,16236687.441332111
20223,Formosa,18186435.49001902
20141,Jujuy,240921.34021974565
20142,Jujuy,268230.9375992666
20143,Jujuy,280089.842747822
20144,Jujuy,339375.60251461866
20151,Jujuy,420845.48229319387
20152,Jujuy,418142.52167757
20153,Jujuy,480472.8779988396
20154,Jujuy,505991.11376205646
20161,Jujuy,557123.328842382
20162,Jujuy,626931.1898719269
20163,Jujuy,685032.2682391172
20164,Jujuy,742984.5641990764
20171,Jujuy,868021.3862840969
20172,Jujuy,950258.2209794678
20173,Jujuy,999318.6963699495
20174,Jujuy,1118920.8794873748
20181,Jujuy,1334752.30870364
20182,Jujuy,1470544.2866269357
20183,Jujuy,1571154.7474551406
20184,Jujuy,3393164.9240459236
20191,Jujuy,4110562.6732583973
20192,Jujuy,4046789.353994758
20193,Jujuy,4206217.634759498
20194,Jujuy,4807360.050229707
20201,Jujuy,6125742.265039447
20202,Jujuy,6738486.050158754
20203,Jujuy,7578959.882236839
20204,Jujuy,7858997.191719099
20211,Jujuy,8942817.824442657
20212,Jujuy,9416181.11178851
20213,Jujuy,10496006.101847209
20214,Jujuy,11343540.606473517
20221,Jujuy,14146618.7251131
20222,Jujuy,15158620.373168811
20223,Jujuy,17314309.62212573
20141,La Pampa,340545.2632171145
20142,La Pampa,383136.54056858533
20143,La Pampa,457237.0810704076
20144,La Pampa,477268.3051360392
20151,La Pampa,637856.3904285257
20152,La Pampa,628313.8955392069
20153,La Pampa,703889.5125141279
20154,La Pampa,744504.5611136467
20161,La Pampa,809166.1221850383
20162,La Pampa,930621.9696341438
20163,La Pampa,1005498.6090710638
20164,La Pampa,1111385.46830953
20171,La Pampa,1284968.8292157196
20172,La Pampa,1448017.0463872014
20173,La Pampa,1639985.1361069293
20174,La Pampa,1879523.3703877088
20181,La Pampa,2226944.976745256
20182,La Pampa,2397085.3771178722
20183,La Pampa,2605588.851217362
20184,La Pampa,2881209.871359112
20191,La Pampa,3635578.0899771843
20192,La Pampa,3767640.362063464
20193,La Pampa,3951737.975532133
20194,La Pampa,4380827.617970263
20201,La Pampa,5346787.658464258
20202,La Pampa,5756743.55771888
20203,La Pampa,5976171.693427119
20204,La Pampa,6462594.507537722
20211,La Pampa,7067847.336447079
20212,La Pampa,7396140.393465489
20213,La Pampa,8539768.814989626
20214,La Pampa,9596680.652616754
20221,La Pampa,12006880.834932908
20222,La Pampa,13219583.341879552
20223,La Pampa,15262407.789131122
20141,La Rioja,173806.04055869914
20142,La Rioja,192964.38586772225
20143,La Rioja,205349.38849351482
20144,La Rioja,240263.05638850713
20151,La Rioja,291173.30880899006
20152,La Rioja,283774.1728568061
20153,La Rioja,316026.6075042755
20154,La Rioja,332979.019603422
20161,La Rioja,357253.8603226823
20162,La Rioja,394370.74830038793
20163,La Rioja,421892.81114564574
20164,La Rioja,440452.9802966481
20171,La Rioja,504000.908713672
20172,La Rioja,560617.6530250083
20173,La Rioja,1852456.898170071
20174,La Rioja,2069970.6434835873
20181,La Rioja,2422545.5303194188
20182,La Rioja,2610139.9141710186
20183,La Rioja,2795324.6300975736
20184,La Rioja,2995225.5279989876
20191,La Rioja,3625588.411152259
20192,La Rioja,3611936.470138886
20193,La Rioja,3711488.806034582
20194,La Rioja,4073707.794078627
20201,La Rioja,4962823.10109706
20202,La Rioja,5720759.197039163
20203,La Rioja,5734076.2980935
20204,La Rioja,6009256.184873336
20211,La Rioja,6531907.151303607
20212,La Rioja,10525169.832938066
20213,La Rioja,11878447.913026324
20214,La Rioja,12667497.27985571
20221,La Rioja,15656497.028945362
20222,La Rioja,17288645.543690246
20223,La Rioja,19338933.12751935
20141,Mendoza,431718.22919950954
20142,Mendoza,476023.1247369877
20143,Mendoza,509580.85095646576
20144,Mendoza,584605.1473682706
20151,Mendoza,715661.3955321483
20152,Mendoza,692595.9323059509
20153,Mendoza,759169.9987444229
20154,Mendoza,792042.5165261355
20161,Mendoza,864565.9990314902
20162,Mendoza,951859.3467354426
20163,Mendoza,1005699.2408176301
20164,Mendoza,1089531.594857302
20171,Mendoza,1256085.3924274738
20172,Mendoza,1393676.731366335
20173,Mendoza,1629265.8729980644
20174,Mendoza,1696415.2565247624
20181,Mendoza,2213723.499352306
20182,Mendoza,2400176.6609357176
20183,Mendoza,2654400.7014586166
20184,Mendoza,2848340.0752196354
20191,Mendoza,3450308.751579346
20192,Mendoza,3832379.918875838
20193,Mendoza,3999456.2558773174
20194,Mendoza,3687356.8174538957
20201,Mendoza,4499470.012865494
20202,Mendoza,5276105.192952603
20203,Mendoza,5418421.829544876
20204,Mendoza,5874228.358593622
20211,Mendoza,6510060.55766841
20212,Mendoza,7103084.325750898
20213,Mendoza,8880208.774088707
20214,Mendoza,9793923.49668028
20221,Mendoza,12284262.27685633
20222,Mendoza,13510781.156633534
20223,Mendoza,15514209.914154882
20141,Misiones,324272.68229951
20142,Misiones,358967.5222146015
20143,Misiones,385042.9275600905
20144,Misiones,448211.34111100977
20151,Misiones,602502.9340404299
20152,Misiones,603894.3722377543
20153,Misiones,685176.7561870116
20154,Misiones,724440.5612620291
20161,Misiones,790961.5598782036
20162,Misiones,897248.7212015829
20163,Misiones,970930.7254858549
20164,Misiones,1044532.0126466714
20171,Misiones,1206245.9983954607
20172,Misiones,1367656.927646779
20173,Misiones,1428064.7406722174
20174,Misiones,1641681.4488910562
20181,Misiones,1915028.1741076915
20182,Misiones,2126994.5457402538
20183,Misiones,2323141.424004269
20184,Misiones,2691674.296953273
20191,Misiones,3440954.0275609326
20192,Misiones,3813696.565285409
20193,Misiones,3999238.4507234814
20194,Misiones,4516244.674423369
20201,Misiones,5487437.02524833
20202,Misiones,6164473.243653674
20203,Misiones,6250992.290086532
20204,Misiones,6716093.597048513
20211,Misiones,7435475.333476432
20212,Misiones,8082830.0241398495
20213,Misiones,9202106.388070155
20214,Misiones,10475449.010127824
20221,Misiones,12802283.597369932
20222,Misiones,14450571.923804743
20223,Misiones,16318300.64293779
20141,Neuquén,402902.4864604242
20142,Neuquén,450933.8098385848
20143,Neuquén,532034.1189294248
20144,Neuquén,562949.5077367875
20151,Neuquén,686965.112434028
20152,Neuquén,677286.6729984016
20153,Neuquén,763073.2105961506
20154,Neuquén,849918.0985884989
20161,Neuquén,897535.6868386794
20162,Neuquén,1047209.9804358227
20163,Neuquén,1128629.170621557
20164,Neuquén,1235341.5910814854
20171,Neuquén,1439801.2549351207
20172,Neuquén,1624899.8475104582
20173,Neuquén,1660449.9888532108
20174,Neuquén,1864302.0470163552
20181,Neuquén,2197360.7083571064
20182,Neuquén,2339176.3235457996
20183,Neuquén,2527929.8195455964
20184,Neuquén,2665084.994299335
20191,Neuquén,3226485.2486561732
20192,Neuquén,3548271.6875711815
20193,Neuquén,3766111.0387128848
20194,Neuquén,3890525.1539076874
20201,Neuquén,5022648.663490484
20202,Neuquén,5562762.668934989
20203,Neuquén,5660833.703877388
20204,Neuquén,6093757.374308934
20211,Neuquén,6647738.71995618
20212,Neuquén,7169594.943196049
20213,Neuquén,8128569.364291134
20214,Neuquén,9037740.972086754
20221,Neuquén,11180882.229357528
20222,Neuquén,13092549.327887282
20223,Neuquén,14614444.146552196
20141,Río Negro,421866.91872378066
20142,Río Negro,466731.9920251243
20143,Río Negro,505914.2942498227
20144,Río Negro,565577.0442234684
20151,Río Negro,695840.0854500638
20152,Río Negro,680546.8453516935
20153,Río Negro,752614.4134111262
20154,Río Negro,786049.3767949338
20161,Río Negro,856694.6550276696
20162,Río Negro,951127.4409617692
20163,Río Negro,1009442.5583190053
20164,Río Negro,1092905.7947405952
20171,Río Negro,1260799.168967994
20172,Río Negro,1402125.8713752194
20173,Río Negro,1537458.386732865
20174,Río Negro,1745045.5778895465
20181,Río Negro,2065681.430603604
20182,Río Negro,2260598.9846611586
20183,Río Negro,2451835.113949061
20184,Río Negro,2716134.0509254355
20191,Río Negro,3407674.649505326
20192,Río Negro,3989053.867036282
20193,Río Negro,4322798.549765162
20194,Río Negro,4238596.627982276
20201,Río Negro,5196092.80981287
20202,Río Negro,5696555.103117404
20203,Río Negro,5746411.041390599
20204,Río Negro,6449931.102517876
20211,Río Negro,7028889.871576051
20212,Río Negro,7456088.266136955
20213,Río Negro,8388322.594866396
20214,Río Negro,9402206.206086308
20221,Río Negro,11731576.964715267
20222,Río Negro,12886949.25300151
20223,Río Negro,14349741.851450391
20141,Salta,339314.72889786336
20142,Salta,374643.6210130784
20143,Salta,402720.35916731926
20144,Salta,462192.78752551676
20151,Salta,579799.8774765168
20152,Salta,567423.5499163306
20153,Salta,636667.4822220124
20154,Salta,672969.9028764239
20161,Salta,736701.5794647365
20162,Salta,830507.6651232095
20163,Salta,902677.9635604144
20164,Salta,969307.7295476208
20171,Salta,1123167.2154644525
20172,Salta,1255473.2470716035
20173,Salta,1588877.1033821444
20174,Salta,1770219.6622260795
20181,Salta,2075930.4549374068
20182,Salta,2265943.363442043
20183,Salta,2407527.1821157783
20184,Salta,2623554.9144743537
20191,Salta,3210474.6785659683
20192,Salta,3442694.893774564
20193,Salta,3815855.6481248215
20194,Salta,4821440.41468402
20201,Salta,5884882.099678448
20202,Salta,6560455.664787407
20203,Salta,6632804.147222908
20204,Salta,7181062.225715139
20211,Salta,7836658.36981291
20212,Salta,8322194.04507557
20213,Salta,9533661.610501792
20214,Salta,10233959.604553575
20221,Salta,12358081.540717999
20222,Salta,13754934.387945347
20223,Salta,15345410.543471698
20141,San Juan,412981.2637765005
20142,San Juan,455620.172215939
20143,San Juan,485790.50854695746
20144,San Juan,555441.3121340462
20151,San Juan,673649.7901036452
20152,San Juan,651652.3232927208
20153,San Juan,715066.0662858112
20154,San Juan,745759.2407515699
20161,San Juan,813598.1100496007
20162,San Juan,895794.2027330105
20163,San Juan,946949.4240605362
20164,San Juan,1024119.7530693422
20171,San Juan,1179778.4996075537
20172,San Juan,1308425.8850263217
20173,San Juan,1633857.3196984676
20174,San Juan,1705639.199199292
20181,San Juan,2153769.7457063124
20182,San Juan,2365902.596002741
20183,San Juan,2553973.2120768675
20184,San Juan,2661326.887998548
20191,San Juan,3225239.475438454
20192,San Juan,3702871.361184578
20193,San Juan,4023768.860978692
20194,San Juan,3981192.293688398
20201,San Juan,4863707.957513764
20202,San Juan,5648543.6229892345
20203,San Juan,6223714.61008601
20204,San Juan,6108289.910943671
20211,San Juan,7183451.849871511
20212,San Juan,7531824.115190709
20213,San Juan,8508236.627779836
20214,San Juan,9026198.13773012
20221,San Juan,12139460.850797415
20222,San Juan,14963845.97791276
20223,San Juan,17081086.47419368
20141,San Luis,86173.37674409909
20142,San Luis,98192.24757997929
20143,San Luis,104323.77389500353
20144,San Luis,119449.15841986562
20151,San Luis,146392.58313989453
20152,San Luis,141005.9285230491
20153,San Luis,154559.77372461912
20154,San Luis,161252.30493436527
20161,San Luis,175844.64210019648
20162,San Luis,193740.85138455464
20163,San Luis,205595.02905093512
20164,San Luis,222825.2870301106
20171,San Luis,256647.7109721524
20172,San Luis,284282.4109562272
20173,San Luis,481263.16030741745
20174,San Luis,367181.4509348193
20181,San Luis,616313.0158888965
20182,San Luis,670030.0925426355
20183,San Luis,2491734.6614078516
20184,San Luis,3471147.9557996183
20191,San Luis,4202799.517450793
20192,San Luis,5239973.233834147
20193,San Luis,5699809.389522221
20194,San Luis,5592626.073775241
20201,San Luis,7057944.335422021
20202,San Luis,7774362.847811197
20203,San Luis,7902107.057157628
20204,San Luis,8461157.204164455
20211,San Luis,9202611.633414328
20212,San Luis,9859419.934459975
20213,San Luis,10607337.735283121
20214,San Luis,11276521.174895398
20221,San Luis,13859023.345085837
20222,San Luis,15235974.380281385
20223,San Luis,16928818.391263526
20141,Santa Cruz,438968.3075426047
20142,Santa Cruz,488467.7173296767
20143,Santa Cruz,499169.5403767005
20144,Santa Cruz,558236.6392357941
20151,Santa Cruz,693791.2955312841
20152,Santa Cruz,646963.139695126
20153,Santa Cruz,723297.2087493102
20154,Santa Cruz,758169.4784655868
20161,Santa Cruz,810870.1970132203
20162,Santa Cruz,887814.1626789463
20163,Santa Cruz,943065.7519053773
20164,Santa Cruz,1029029.5570978466
20171,Santa Cruz,1172953.1946699393
20172,Santa Cruz,1291433.1194428492
20173,Santa Cruz,1703329.219635407
20174,Santa Cruz,1649703.9122899356
20181,Santa Cruz,2246230.761416488
20182,Santa Cruz,2425996.2668073736
20183,Santa Cruz,2563918.712045054
20184,Santa Cruz,2003484.4320829846
20191,Santa Cruz,2431291.091189875
20192,Santa Cruz,3041920.20128341
20193,Santa Cruz,3921541.4110732093
20194,Santa Cruz,4509989.575623175
20201,Santa Cruz,5475330.666495353
20202,Santa Cruz,5840206.320687522
20203,Santa Cruz,5847122.028402399
20204,Santa Cruz,6307959.5280410275
20211,Santa Cruz,7764783.025333212
20212,Santa Cruz,8554476.387320299
20213,Santa Cruz,9562554.183414932
20214,Santa Cruz,9949606.141677793
20221,Santa Cruz,12246543.21101192
20222,Santa Cruz,13233761.092287555
20223,Santa Cruz,14721374.325645447
20141,Santa Fe,381666.3541137609
20142,Santa Fe,423064.89683024713
20143,Santa Fe,457477.34903227404
20144,Santa Fe,527971.9384882671
20151,Santa Fe,654851.5708963078
20152,Santa Fe,643218.9905280231
20153,Santa Fe,718409.3729827035
20154,Santa Fe,756128.2022497475
20161,Santa Fe,813764.9555508179
20162,Santa Fe,915910.6050743968
20163,Santa Fe,973173.0530635326
20164,Santa Fe,1044035.2722045225
20171,Santa Fe,1208724.0800549616
20172,Santa Fe,1352266.8661486348
20173,Santa Fe,1638855.6228871718
20174,Santa Fe,1851743.1795199923
20181,Santa Fe,2192692.5674692374
20182,Santa Fe,2394904.853682441
20183,Santa Fe,2612060.877013148
20184,Santa Fe,2916928.8569233404
20191,Santa Fe,3617314.7091606185
20192,Santa Fe,3738161.345343588
20193,Santa Fe,3986009.787222885
20194,Santa Fe,4488675.9948187
20201,Santa Fe,5564766.841027973
20202,Santa Fe,6006643.075441527
20203,Santa Fe,6168311.1881775325
20204,Santa Fe,6596510.412073987
20211,Santa Fe,7246754.88002374
20212,Santa Fe,7673186.849078904
20213,Santa Fe,8622639.039126473
20214,Santa Fe,9369104.304622315
20221,Santa Fe,11486068.46802577
20222,Santa Fe,12563401.592850326
20223,Santa Fe,14079221.314188948
20141,Santiago Del Estero,234710.4498139974
20142,Santiago Del Estero,263417.3470021207
20143,Santiago Del Estero,276631.5302917393
20144,Santiago Del Estero,329010.45918062597
20151,Santiago Del Estero,401188.7999816965
20152,Santiago Del Estero,387958.36165282887
20153,Santiago Del Estero,425498.43588273483
20154,Santiago Del Estero,440811.1659728452
20161,Santiago Del Estero,464098.87115228456
20162,Santiago Del Estero,500715.26576263946
20163,Santiago Del Estero,511028.8772060874
20164,Santiago Del Estero,543898.2447958335
20171,Santiago Del Estero,616834.0262904332
20172,Santiago Del Estero,659054.2030204232
20173,Santiago Del Estero,1704838.0657471102
20174,Santiago Del Estero,1577038.2335052856
20181,Santiago Del Estero,2222540.141745378
20182,Santiago Del Estero,2434898.9795356626
20183,Santiago Del Estero,2694077.4866711874
20184,Santiago Del Estero,3000795.077652518
20191,Santiago Del Estero,3656329.7458845
20192,Santiago Del Estero,5280772.846978498
20193,Santiago Del Estero,5774440.883550924
20194,Santiago Del Estero,5002587.481403372
20201,Santiago Del Estero,6133325.31549188
20202,Santiago Del Estero,6729765.895320829
20203,Santiago Del Estero,6693860.164890299
20204,Santiago Del Estero,7076345.950238077
20211,Santiago Del Estero,8077726.705609531
20212,Santiago Del Estero,8586157.685898792
20213,Santiago Del Estero,9746249.718593335
20214,Santiago Del Estero,10316590.362994855
20221,Santiago Del Estero,12645450.724695941
20222,Santiago Del Estero,13879208.316107599
20223,Santiago Del Estero,15515623.071342286
20141,Tierra Del Fuego,407440.6312068028
20142,Tierra Del Fuego,449317.6267144584
20143,Tierra Del Fuego,487741.60828016006
20144,Tierra Del Fuego,557687.7151371742
20151,Tierra Del Fuego,772607.2062160672
20152,Tierra Del Fuego,747754.7681458427
20153,Tierra Del Fuego,823480.9387892504
20154,Tierra Del Fuego,762734.7321058509
20161,Tierra Del Fuego,834182.112295557
20162,Tierra Del Fuego,944481.3901670635
20163,Tierra Del Fuego,1017147.8529305415
20164,Tierra Del Fuego,1123132.5747581793
20171,Tierra Del Fuego,1279987.6435522267
20172,Tierra Del Fuego,1414271.7050761126
20173,Tierra Del Fuego,1412432.9707015285
20174,Tierra Del Fuego,1435045.1704705867
20181,Tierra Del Fuego,1833001.3608474424
20182,Tierra Del Fuego,2799954.947398304
20183,Tierra Del Fuego,3051540.5747529403
20184,Tierra Del Fuego,3323561.384406941
20191,Tierra Del Fuego,4027596.141138034
20192,Tierra Del Fuego,4197238.835249213
20193,Tierra Del Fuego,4458015.62584202
20194,Tierra Del Fuego,4111523.914254704
20201,Tierra Del Fuego,4862243.185956771
20202,Tierra Del Fuego,5232902.31790423
20203,Tierra Del Fuego,5245831.94743984
20204,Tierra Del Fuego,5460020.411249508
20211,Tierra Del Fuego,6055192.893560785
20212,Tierra Del Fuego,5541166.725961668
20213,Tierra Del Fuego,8714533.954251602
20214,Tierra Del Fuego,9549511.976555414
20221,Tierra Del Fuego,11662382.816304332
20222,Tierra Del Fuego,12860190.368315328
20223,Tierra Del Fuego,14242467.059607003
20141,Tucumán,379301.88087925897
20142,Tucumán,422220.9944570349
20143,Tucumán,449048.18727682356
20144,Tucumán,530686.6317251874
20151,Tucumán,650623.0484134763
20152,Tucumán,638236.6524043047
20153,Tucumán,717619.1549341455
20154,Tucumán,757895.2173793629
20161,Tucumán,829144.5601454062
20162,Tucumán,925500.576147195
20163,Tucumán,996420.3372861196
20164,Tucumán,1081084.0287743532
20171,Tucumán,1254267.8311390274
20172,Tucumán,1405840.9247374553
20173,Tucumán,1519914.7139129657
20174,Tucumán,1703627.804624283
20181,Tucumán,2062966.1379233864
20182,Tucumán,2260744.375834037
20183,Tucumán,2443036.007871916
20184,Tucumán,2642562.7727971533
20191,Tucumán,3199550.8949737945
20192,Tucumán,3166819.2691642074
20193,Tucumán,3252160.9294320364
20194,Tucumán,4380240.63406673
20201,Tucumán,5449990.781628576
20202,Tucumán,6322261.409390036
20203,Tucumán,6478040.22173633
20204,Tucumán,6988003.490354291
20211,Tucumán,7647108.6586280465
20212,Tucumán,7989057.988354888
20213,Tucumán,8936150.068157887
20214,Tucumán,9672115.278697673
20221,Tucumán,12134021.164827777
20222,Tucumán,13610507.689238677
20223,Tucumán,15593173.002115063
