anio_tri,anio,trimestre,provincia,accesos por cada 100 hogares
20141,2014,1,Tucumán,33.42
20141,2014,1,Buenos Aires,54.57
20141,2014,1,Capital Federal,112.25
20141,2014,1,Catamarca,24.25
20141,2014,1,Chaco,20.72
20141,2014,1,Chubut,41.24
20141,2014,1,Córdoba,52.52
20141,2014,1,Corrientes,22.32
20141,2014,1,Entre Ríos,34.37
20141,2014,1,Formosa,17.42
20141,2014,1,Jujuy,18.42
20141,2014,1,La Pampa,48.43
20141,2014,1,Tierra Del Fuego,63.97
20141,2014,1,Mendoza,31.91
20141,2014,1,Santiago Del Estero,16.31
20141,2014,1,Santa Fe,47.85
20141,2014,1,Santa Cruz,28.94
20141,2014,1,San Luis,9.35
20141,2014,1,La Rioja,16.29
20141,2014,1,Salta,28.7
20141,2014,1,Río Negro,44.91
20141,2014,1,Neuquén,49.79
20141,2014,1,Misiones,23.14
20141,2014,1,San Juan,27.6
20142,2014,2,Jujuy,18.71
20142,2014,2,Buenos Aires,55.06
20142,2014,2,Capital Federal,113.14
20142,2014,2,Catamarca,24.7
20142,2014,2,Chaco,20.96
20142,2014,2,Chubut,41.41
20142,2014,2,Córdoba,53.45
20142,2014,2,Corrientes,22.58
20142,2014,2,Entre Ríos,34.69
20142,2014,2,Formosa,17.54
20142,2014,2,La Pampa,49.71
20142,2014,2,La Rioja,16.5
20142,2014,2,Mendoza,32.1
20142,2014,2,Tierra Del Fuego,64.36
20142,2014,2,Santiago Del Estero,16.7
20142,2014,2,Santa Fe,48.39
20142,2014,2,Santa Cruz,29.38
20142,2014,2,San Luis,9.72
20142,2014,2,Tucumán,33.94
20142,2014,2,Salta,28.91
20142,2014,2,Río Negro,45.33
20142,2014,2,Neuquén,50.84
20142,2014,2,Misiones,23.37
20142,2014,2,San Juan,27.78
20143,2014,3,Jujuy,18.37
20143,2014,3,Buenos Aires,56.75
20143,2014,3,Capital Federal,113.8
20143,2014,3,Catamarca,24.71
20143,2014,3,Chaco,21.11
20143,2014,3,Chubut,40.6
20143,2014,3,Córdoba,54.23
20143,2014,3,Corrientes,22.79
20143,2014,3,Entre Ríos,34.98
20143,2014,3,Formosa,17.77
20143,2014,3,La Pampa,55.78
20143,2014,3,La Rioja,16.51
20143,2014,3,Mendoza,32.31
20143,2014,3,Tierra Del Fuego,65.69
20143,2014,3,Santiago Del Estero,16.49
20143,2014,3,Santa Fe,49.2
20143,2014,3,Santa Cruz,28.23
20143,2014,3,San Luis,9.71
20143,2014,3,Tucumán,33.94
20143,2014,3,Salta,29.22
20143,2014,3,Río Negro,46.2
20143,2014,3,Neuquén,56.4
20143,2014,3,Misiones,23.57
20143,2014,3,San Juan,27.85
20144,2014,4,Jujuy,19.6
20144,2014,4,Buenos Aires,56.09
20144,2014,4,Capital Federal,114.9
20144,2014,4,Catamarca,25.51
20144,2014,4,Chaco,21.87
20144,2014,4,Chubut,40.25
20144,2014,4,Córdoba,54.7
20144,2014,4,Corrientes,23.56
20144,2014,4,Entre Ríos,36.03
20144,2014,4,Formosa,17.96
20144,2014,4,La Pampa,51.27
20144,2014,4,La Rioja,17.01
20144,2014,4,Mendoza,32.64
20144,2014,4,Tierra Del Fuego,66.14
20144,2014,4,Santiago Del Estero,17.27
20144,2014,4,Santa Fe,50.0
20144,2014,4,Santa Cruz,27.8
20144,2014,4,San Luis,9.79
20144,2014,4,Tucumán,35.32
20144,2014,4,Salta,29.53
20144,2014,4,Río Negro,45.48
20144,2014,4,Neuquén,52.55
20144,2014,4,Misiones,24.16
20144,2014,4,San Juan,28.04
20151,2015,1,Jujuy,19.69
20151,2015,1,Buenos Aires,56.37
20151,2015,1,Capital Federal,114.9
20151,2015,1,Catamarca,25.11
20151,2015,1,Chaco,26.65
20151,2015,1,Chubut,37.61
20151,2015,1,Córdoba,54.7
20151,2015,1,Corrientes,28.95
20151,2015,1,Entre Ríos,42.07
20151,2015,1,Formosa,18.12
20151,2015,1,La Pampa,55.51
20151,2015,1,La Rioja,16.7
20151,2015,1,Mendoza,32.37
20151,2015,1,Tierra Del Fuego,74.23
20151,2015,1,Santiago Del Estero,17.06
20151,2015,1,Santa Fe,50.24
20151,2015,1,Santa Cruz,27.99
20151,2015,1,San Luis,9.72
20151,2015,1,Tucumán,35.08
20151,2015,1,Salta,30.01
20151,2015,1,Río Negro,45.33
20151,2015,1,Neuquén,51.95
20151,2015,1,Misiones,26.31
20151,2015,1,San Juan,27.55
20152,2015,2,Jujuy,20.29
20152,2015,2,Buenos Aires,56.8
20152,2015,2,Capital Federal,116.07
20152,2015,2,Catamarca,25.45
20152,2015,2,Chaco,27.46
20152,2015,2,Chubut,36.58
20152,2015,2,Córdoba,55.87
20152,2015,2,Corrientes,29.58
20152,2015,2,Entre Ríos,42.93
20152,2015,2,Formosa,18.36
20152,2015,2,La Pampa,56.71
20152,2015,2,La Rioja,16.88
20152,2015,2,Mendoza,32.49
20152,2015,2,Tierra Del Fuego,74.51
20152,2015,2,Santiago Del Estero,17.11
20152,2015,2,Santa Fe,51.18
20152,2015,2,Santa Cruz,27.07
20152,2015,2,San Luis,9.71
20152,2015,2,Tucumán,35.69
20152,2015,2,Salta,30.46
20152,2015,2,Río Negro,45.98
20152,2015,2,Neuquén,53.12
20152,2015,2,Misiones,27.35
20152,2015,2,San Juan,27.64
20153,2015,3,Jujuy,21.27
20153,2015,3,Buenos Aires,57.69
20153,2015,3,Capital Federal,118.29
20153,2015,3,Catamarca,25.86
20153,2015,3,Chaco,27.96
20153,2015,3,Chubut,36.81
20153,2015,3,Córdoba,57.08
20153,2015,3,Corrientes,30.17
20153,2015,3,Entre Ríos,43.68
20153,2015,3,Formosa,18.84
20153,2015,3,La Pampa,57.96
20153,2015,3,La Rioja,17.15
20153,2015,3,Mendoza,32.49
20153,2015,3,Tierra Del Fuego,74.86
20153,2015,3,Santiago Del Estero,17.12
20153,2015,3,Santa Fe,52.15
20153,2015,3,Santa Cruz,27.61
20153,2015,3,San Luis,9.71
20153,2015,3,Tucumán,36.61
20153,2015,3,Salta,31.18
20153,2015,3,Río Negro,46.39
20153,2015,3,Neuquén,54.6
20153,2015,3,Misiones,28.31
20153,2015,3,San Juan,27.67
20154,2015,4,Jujuy,21.47
20154,2015,4,Buenos Aires,58.29
20154,2015,4,Capital Federal,118.13
20154,2015,4,Catamarca,26.24
20154,2015,4,Chaco,28.35
20154,2015,4,Chubut,36.89
20154,2015,4,Córdoba,57.36
20154,2015,4,Corrientes,30.34
20154,2015,4,Entre Ríos,44.11
20154,2015,4,Formosa,19.07
20154,2015,4,La Pampa,58.76
20154,2015,4,La Rioja,17.32
20154,2015,4,Mendoza,32.49
20154,2015,4,Tierra Del Fuego,66.46
20154,2015,4,Santiago Del Estero,17.0
20154,2015,4,Santa Fe,52.61
20154,2015,4,Santa Cruz,27.74
20154,2015,4,San Luis,9.71
20154,2015,4,Tucumán,37.06
20154,2015,4,Salta,31.59
20154,2015,4,Río Negro,46.44
20154,2015,4,Neuquén,58.29
20154,2015,4,Misiones,28.69
20154,2015,4,San Juan,27.66
20161,2016,1,La Pampa,57.84
20161,2016,1,Buenos Aires,57.34
20161,2016,1,Capital Federal,115.16
20161,2016,1,Catamarca,25.91
20161,2016,1,Chaco,28.08
20161,2016,1,Chubut,36.09
20161,2016,1,Corrientes,30.08
20161,2016,1,Entre Ríos,43.85
20161,2016,1,Formosa,19.04
20161,2016,1,Jujuy,21.41
20161,2016,1,La Rioja,16.83
20161,2016,1,Córdoba,55.28
20161,2016,1,Misiones,28.37
20161,2016,1,Neuquén,55.75
20161,2016,1,Río Negro,45.84
20161,2016,1,Salta,31.32
20161,2016,1,San Juan,27.33
20161,2016,1,Mendoza,32.12
20161,2016,1,San Luis,9.59
20161,2016,1,Santa Cruz,26.87
20161,2016,1,Santa Fe,51.28
20161,2016,1,Santiago Del Estero,16.21
20161,2016,1,Tierra Del Fuego,65.83
20161,2016,1,Tucumán,36.72
20162,2016,2,Formosa,19.37
20162,2016,2,Entre Ríos,44.74
20162,2016,2,Corrientes,30.58
20162,2016,2,Córdoba,57.55
20162,2016,2,Buenos Aires,59.34
20162,2016,2,Chaco,28.59
20162,2016,2,Catamarca,26.07
20162,2016,2,Capital Federal,120.04
20162,2016,2,Jujuy,21.89
20162,2016,2,Chubut,36.12
20162,2016,2,La Pampa,60.44
20162,2016,2,Tierra Del Fuego,67.72
20162,2016,2,Mendoza,32.13
20162,2016,2,Tucumán,37.24
20162,2016,2,Santiago Del Estero,15.89
20162,2016,2,Santa Fe,52.44
20162,2016,2,Santa Cruz,26.73
20162,2016,2,San Luis,9.6
20162,2016,2,La Rioja,16.88
20162,2016,2,Salta,32.08
20162,2016,2,Río Negro,46.24
20162,2016,2,Neuquén,59.1
20162,2016,2,Misiones,29.24
20162,2016,2,San Juan,27.34
20163,2016,3,Buenos Aires,60.14
20163,2016,3,Capital Federal,120.77
20163,2016,3,Catamarca,26.48
20163,2016,3,Chaco,28.91
20163,2016,3,Chubut,36.18
20163,2016,3,Córdoba,58.24
20163,2016,3,Corrientes,31.07
20163,2016,3,Entre Ríos,45.44
20163,2016,3,Jujuy,22.61
20163,2016,3,La Pampa,61.73
20163,2016,3,La Rioja,17.07
20163,2016,3,Formosa,18.64
20163,2016,3,Misiones,29.91
20163,2016,3,Tucumán,37.9
20163,2016,3,Mendoza,32.09
20163,2016,3,Santiago Del Estero,15.33
20163,2016,3,Santa Fe,52.67
20163,2016,3,Santa Cruz,26.84
20163,2016,3,Tierra Del Fuego,68.94
20163,2016,3,San Juan,27.32
20163,2016,3,Salta,32.96
20163,2016,3,Río Negro,46.39
20163,2016,3,Neuquén,60.21
20163,2016,3,San Luis,9.63
20164,2016,4,Jujuy,22.65
20164,2016,4,Buenos Aires,61.24
20164,2016,4,Capital Federal,120.63
20164,2016,4,Catamarca,26.54
20164,2016,4,Chaco,28.79
20164,2016,4,Chubut,36.07
20164,2016,4,Córdoba,57.7
20164,2016,4,Corrientes,30.98
20164,2016,4,Entre Ríos,45.21
20164,2016,4,La Pampa,63.02
20164,2016,4,Formosa,19.85
20164,2016,4,La Rioja,16.46
20164,2016,4,Tierra Del Fuego,70.31
20164,2016,4,Santiago Del Estero,15.07
20164,2016,4,Santa Fe,52.19
20164,2016,4,Santa Cruz,27.05
20164,2016,4,San Luis,9.64
20164,2016,4,Tucumán,37.98
20164,2016,4,Salta,32.69
20164,2016,4,San Juan,27.29
20164,2016,4,Misiones,29.72
20164,2016,4,Mendoza,32.11
20164,2016,4,Río Negro,46.39
20164,2016,4,Neuquén,60.87
20171,2017,1,La Pampa,62.67
20171,2017,1,Buenos Aires,58.57
20171,2017,1,Capital Federal,108.37
20171,2017,1,Catamarca,25.66
20171,2017,1,Chubut,35.66
20171,2017,1,Córdoba,57.65
20171,2017,1,Corrientes,30.94
20171,2017,1,Entre Ríos,44.91
20171,2017,1,Formosa,19.84
20171,2017,1,Jujuy,22.76
20171,2017,1,Chaco,28.62
20171,2017,1,Mendoza,31.84
20171,2017,1,Misiones,29.52
20171,2017,1,Neuquén,61.02
20171,2017,1,Río Negro,46.03
20171,2017,1,Salta,32.58
20171,2017,1,San Juan,27.04
20171,2017,1,San Luis,9.55
20171,2017,1,Santa Cruz,26.52
20171,2017,1,Santa Fe,51.97
20171,2017,1,Santiago Del Estero,14.7
20171,2017,1,Tierra Del Fuego,68.92
20171,2017,1,Tucumán,37.9
20171,2017,1,La Rioja,16.2
20172,2017,2,Jujuy,22.4
20172,2017,2,Formosa,19.97
20172,2017,2,Entre Ríos,45.39
20172,2017,2,Corrientes,31.39
20172,2017,2,Buenos Aires,56.27
20172,2017,2,Chubut,35.55
20172,2017,2,Chaco,29.05
20172,2017,2,Catamarca,25.98
20172,2017,2,Capital Federal,124.06
20172,2017,2,Córdoba,58.97
20172,2017,2,La Pampa,63.49
20172,2017,2,La Rioja,16.2
20172,2017,2,Misiones,30.09
20172,2017,2,Mendoza,31.76
20172,2017,2,Tierra Del Fuego,68.46
20172,2017,2,Santiago Del Estero,14.12
20172,2017,2,Santa Fe,52.27
20172,2017,2,Santa Cruz,26.25
20172,2017,2,Tucumán,38.19
20172,2017,2,San Juan,26.96
20172,2017,2,San Luis,9.51
20172,2017,2,Neuquén,61.91
20172,2017,2,Salta,32.74
20172,2017,2,Río Negro,46.02
20173,2017,3,Entre Ríos,45.96
20173,2017,3,Buenos Aires,55.63
20173,2017,3,Capital Federal,121.86
20173,2017,3,Catamarca,32.49
20173,2017,3,Chaco,29.98
20173,2017,3,Chubut,46.22
20173,2017,3,Córdoba,62.31
20173,2017,3,Corrientes,32.17
20173,2017,3,Jujuy,22.65
20173,2017,3,La Pampa,69.14
20173,2017,3,La Rioja,51.47
20173,2017,3,Formosa,21.35
20173,2017,3,Misiones,30.21
20173,2017,3,Tucumán,39.7
20173,2017,3,Mendoza,35.7
20173,2017,3,Santiago Del Estero,35.12
20173,2017,3,Santa Fe,60.91
20173,2017,3,Santa Cruz,33.29
20173,2017,3,Tierra Del Fuego,65.74
20173,2017,3,San Juan,32.37
20173,2017,3,Salta,39.84
20173,2017,3,Río Negro,48.52
20173,2017,3,Neuquén,60.83
20173,2017,3,San Luis,15.48
20174,2017,4,La Pampa,71.05
20174,2017,4,Capital Federal,122.9
20174,2017,4,Catamarca,28.62
20174,2017,4,Chaco,30.81
20174,2017,4,Chubut,51.46
20174,2017,4,Córdoba,63.33
20174,2017,4,Corrientes,32.52
20174,2017,4,Formosa,21.27
20174,2017,4,Jujuy,22.74
20174,2017,4,Buenos Aires,57.61
20174,2017,4,Entre Ríos,47.89
20174,2017,4,Misiones,31.14
20174,2017,4,Mendoza,33.33
20174,2017,4,Tucumán,39.9
20174,2017,4,Tierra Del Fuego,59.89
20174,2017,4,Santiago Del Estero,29.13
20174,2017,4,Santa Fe,61.71
20174,2017,4,La Rioja,51.57
20174,2017,4,San Luis,10.59
20174,2017,4,San Juan,30.3
20174,2017,4,Salta,39.8
20174,2017,4,Río Negro,49.38
20174,2017,4,Santa Cruz,28.91
20174,2017,4,Neuquén,61.24
20181,2018,1,Buenos Aires,62.63
20181,2018,1,Capital Federal,106.24
20181,2018,1,Catamarca,32.79
20181,2018,1,Chaco,30.83
20181,2018,1,Chubut,53.72
20181,2018,1,Córdoba,63.52
20181,2018,1,Corrientes,32.66
20181,2018,1,Entre Ríos,48.68
20181,2018,1,Jujuy,23.12
20181,2018,1,La Pampa,71.75
20181,2018,1,Formosa,21.4
20181,2018,1,Misiones,30.96
20181,2018,1,Mendoza,37.07
20181,2018,1,Tucumán,41.18
20181,2018,1,Tierra Del Fuego,65.2
20181,2018,1,Santiago Del Estero,34.99
20181,2018,1,Santa Fe,62.28
20181,2018,1,La Rioja,51.44
20181,2018,1,San Luis,15.15
20181,2018,1,San Juan,32.61
20181,2018,1,Salta,39.78
20181,2018,1,Río Negro,49.82
20181,2018,1,Neuquén,61.52
20181,2018,1,Santa Cruz,33.55
20182,2018,2,Misiones,31.63
20182,2018,2,Neuquén,60.24
20182,2018,2,Río Negro,50.15
20182,2018,2,Salta,39.94
20182,2018,2,San Juan,32.95
20182,2018,2,Santa Fe,62.57
20182,2018,2,Santa Cruz,33.33
20182,2018,2,Santiago Del Estero,35.26
20182,2018,2,Tierra Del Fuego,91.61
20182,2018,2,Mendoza,36.97
20182,2018,2,San Luis,15.15
20182,2018,2,Tucumán,41.51
20182,2018,2,La Rioja,50.98
20182,2018,2,Jujuy,23.43
20182,2018,2,Buenos Aires,62.78
20182,2018,2,Capital Federal,106.53
20182,2018,2,Catamarca,32.86
20182,2018,2,Chaco,31.25
20182,2018,2,La Pampa,71.04
20182,2018,2,Córdoba,63.27
20182,2018,2,Corrientes,33.81
20182,2018,2,Entre Ríos,49.2
20182,2018,2,Formosa,29.43
20182,2018,2,Chubut,54.9
20183,2018,3,Jujuy,23.26
20183,2018,3,Buenos Aires,64.44
20183,2018,3,Capital Federal,108.45
20183,2018,3,Catamarca,32.92
20183,2018,3,Chaco,32.28
20183,2018,3,Chubut,56.39
20183,2018,3,Córdoba,64.24
20183,2018,3,Corrientes,34.25
20183,2018,3,Entre Ríos,50.22
20183,2018,3,Formosa,29.58
20183,2018,3,La Pampa,71.75
20183,2018,3,La Rioja,50.73
20183,2018,3,Mendoza,37.99
20183,2018,3,Tierra Del Fuego,92.77
20183,2018,3,Santiago Del Estero,36.25
20183,2018,3,Santa Fe,63.41
20183,2018,3,Santa Cruz,32.73
20183,2018,3,San Luis,52.35
20183,2018,3,Tucumán,41.68
20183,2018,3,Salta,39.43
20183,2018,3,Río Negro,50.54
20183,2018,3,Neuquén,60.49
20183,2018,3,Misiones,32.1
20183,2018,3,San Juan,33.05
20184,2018,4,Jujuy,46.53
20184,2018,4,Buenos Aires,64.6
20184,2018,4,Capital Federal,108.27
20184,2018,4,Catamarca,32.23
20184,2018,4,Chaco,32.59
20184,2018,4,Chubut,42.61
20184,2018,4,Córdoba,65.09
20184,2018,4,Corrientes,34.57
20184,2018,4,Entre Ríos,54.37
20184,2018,4,Formosa,29.74
20184,2018,4,La Pampa,73.49
20184,2018,4,Tucumán,41.76
20184,2018,4,Mendoza,37.76
20184,2018,4,Misiones,34.45
20184,2018,4,Neuquén,59.07
20184,2018,4,Río Negro,51.86
20184,2018,4,Salta,39.8
20184,2018,4,San Juan,31.9
20184,2018,4,San Luis,67.55
20184,2018,4,Santa Cruz,23.69
20184,2018,4,Santa Fe,65.59
20184,2018,4,Santiago Del Estero,37.4
20184,2018,4,Tierra Del Fuego,93.59
20184,2018,4,La Rioja,50.35
20191,2019,1,Formosa,29.68
20191,2019,1,Entre Ríos,56.79
20191,2019,1,Corrientes,35.13
20191,2019,1,Córdoba,65.52
20191,2019,1,Jujuy,46.41
20191,2019,1,Chaco,32.64
20191,2019,1,Catamarca,32.19
20191,2019,1,Capital Federal,109.2
20191,2019,1,Buenos Aires,66.24
20191,2019,1,Chubut,43.0
20191,2019,1,La Pampa,76.35
20191,2019,1,Tucumán,41.63
20191,2019,1,Mendoza,37.66
20191,2019,1,Tierra Del Fuego,93.38
20191,2019,1,Santiago Del Estero,37.52
20191,2019,1,Santa Fe,66.97
20191,2019,1,Santa Cruz,23.67
20191,2019,1,San Luis,67.34
20191,2019,1,La Rioja,50.18
20191,2019,1,Salta,40.1
20191,2019,1,Río Negro,53.57
20191,2019,1,Neuquén,58.88
20191,2019,1,Misiones,36.26
20191,2019,1,San Juan,31.83
20192,2019,2,La Pampa,77.08
20192,2019,2,Capital Federal,110.55
20192,2019,2,Catamarca,32.13
20192,2019,2,Chaco,34.14
20192,2019,2,Chubut,46.99
20192,2019,2,Córdoba,68.07
20192,2019,2,Corrientes,38.16
20192,2019,2,Entre Ríos,57.48
20192,2019,2,Formosa,30.42
20192,2019,2,Jujuy,44.51
20192,2019,2,Buenos Aires,67.85
20192,2019,2,La Rioja,48.7
20192,2019,2,Misiones,39.15
20192,2019,2,Neuquén,63.08
20192,2019,2,Río Negro,61.09
20192,2019,2,Salta,41.89
20192,2019,2,San Juan,35.6
20192,2019,2,San Luis,81.79
20192,2019,2,Santa Cruz,28.85
20192,2019,2,Santa Fe,67.42
20192,2019,2,Santiago Del Estero,52.79
20192,2019,2,Tierra Del Fuego,94.8
20192,2019,2,Tucumán,40.14
20192,2019,2,Mendoza,40.75
20193,2019,3,Formosa,30.11
20193,2019,3,Entre Ríos,57.9
20193,2019,3,Corrientes,38.49
20193,2019,3,Córdoba,68.59
20193,2019,3,Jujuy,44.32
20193,2019,3,Chaco,35.85
20193,2019,3,Catamarca,30.88
20193,2019,3,Capital Federal,112.65
20193,2019,3,Buenos Aires,69.36
20193,2019,3,Chubut,47.57
20193,2019,3,La Pampa,77.45
20193,2019,3,Tucumán,39.49
20193,2019,3,Mendoza,40.74
20193,2019,3,Tierra Del Fuego,96.46
20193,2019,3,Santiago Del Estero,55.3
20193,2019,3,Santa Fe,68.87
20193,2019,3,Santa Cruz,35.63
20193,2019,3,San Luis,85.23
20193,2019,3,La Rioja,47.94
20193,2019,3,Salta,44.48
20193,2019,3,Río Negro,63.42
20193,2019,3,Neuquén,64.14
20193,2019,3,Misiones,39.33
20193,2019,3,San Juan,37.06
20194,2019,4,Buenos Aires,64.25
20194,2019,4,Capital Federal,106.25
20194,2019,4,Catamarca,36.44
20194,2019,4,Chaco,36.84
20194,2019,4,Chubut,51.15
20194,2019,4,Córdoba,70.48
20194,2019,4,Corrientes,38.77
20194,2019,4,Entre Ríos,57.99
20194,2019,4,Jujuy,45.38
20194,2019,4,La Pampa,76.92
20194,2019,4,Formosa,30.47
20194,2019,4,Tucumán,47.65
20194,2019,4,Mendoza,33.65
20194,2019,4,Tierra Del Fuego,79.7
20194,2019,4,Santiago Del Estero,42.92
20194,2019,4,Santa Fe,69.48
20194,2019,4,Santa Cruz,36.71
20194,2019,4,La Rioja,47.14
20194,2019,4,San Juan,32.85
20194,2019,4,Salta,50.35
20194,2019,4,Río Negro,55.71
20194,2019,4,Neuquén,59.36
20194,2019,4,Misiones,39.79
20194,2019,4,San Luis,74.92
20201,2020,1,Jujuy,46.67
20201,2020,1,Formosa,30.23
20201,2020,1,Entre Ríos,56.12
20201,2020,1,Corrientes,38.73
20201,2020,1,Chaco,37.48
20201,2020,1,Chubut,51.27
20201,2020,1,Catamarca,37.62
20201,2020,1,Capital Federal,105.98
20201,2020,1,Buenos Aires,64.33
20201,2020,1,Córdoba,70.69
20201,2020,1,La Pampa,75.77
20201,2020,1,La Rioja,46.35
20201,2020,1,Misiones,39.02
20201,2020,1,Tucumán,47.85
20201,2020,1,Tierra Del Fuego,76.07
20201,2020,1,Santiago Del Estero,42.47
20201,2020,1,Santa Fe,69.52
20201,2020,1,Santa Cruz,35.97
20201,2020,1,Mendoza,33.14
20201,2020,1,San Juan,32.39
20201,2020,1,Salta,49.6
20201,2020,1,Río Negro,55.12
20201,2020,1,Neuquén,61.85
20201,2020,1,San Luis,76.31
20202,2020,2,La Pampa,76.1
20202,2020,2,Capital Federal,106.41
20202,2020,2,Catamarca,45.43
20202,2020,2,Chaco,39.83
20202,2020,2,Chubut,57.34
20202,2020,2,Córdoba,72.71
20202,2020,2,Corrientes,40.3
20202,2020,2,Entre Ríos,56.54
20202,2020,2,Formosa,31.14
20202,2020,2,Jujuy,47.89
20202,2020,2,Buenos Aires,65.22
20202,2020,2,La Rioja,49.84
20202,2020,2,Misiones,40.89
20202,2020,2,Neuquén,63.9
20202,2020,2,Río Negro,56.37
20202,2020,2,Salta,51.58
20202,2020,2,San Juan,35.09
20202,2020,2,San Luis,78.41
20202,2020,2,Santa Cruz,35.79
20202,2020,2,Santa Fe,70.0
20202,2020,2,Santiago Del Estero,43.47
20202,2020,2,Tierra Del Fuego,76.37
20202,2020,2,Tucumán,51.78
20202,2020,2,Mendoza,36.25
20203,2020,3,Formosa,31.91
20203,2020,3,Entre Ríos,58.19
20203,2020,3,Jujuy,54.04
20203,2020,3,Corrientes,41.75
20203,2020,3,Buenos Aires,67.66
20203,2020,3,Chubut,68.34
20203,2020,3,Chaco,41.54
20203,2020,3,Catamarca,47.16
20203,2020,3,Capital Federal,107.68
20203,2020,3,Córdoba,75.22
20203,2020,3,La Pampa,79.26
20203,2020,3,Salta,52.32
20203,2020,3,Mendoza,37.35
20203,2020,3,Tucumán,53.23
20203,2020,3,Tierra Del Fuego,76.81
20203,2020,3,Santiago Del Estero,43.38
20203,2020,3,Santa Fe,72.12
20203,2020,3,Santa Cruz,35.95
20203,2020,3,La Rioja,50.12
20203,2020,3,San Juan,38.79
20203,2020,3,Río Negro,57.05
20203,2020,3,Neuquén,65.24
20203,2020,3,Misiones,41.6
20203,2020,3,San Luis,79.96
20204,2020,4,Jujuy,53.46
20204,2020,4,Buenos Aires,68.98
20204,2020,4,Capital Federal,108.31
20204,2020,4,Catamarca,49.41
20204,2020,4,Chaco,43.03
20204,2020,4,Chubut,68.35
20204,2020,4,Córdoba,78.08
20204,2020,4,Corrientes,42.43
20204,2020,4,Entre Ríos,59.47
20204,2020,4,Formosa,32.49
20204,2020,4,La Pampa,81.77
20204,2020,4,La Rioja,50.11
20204,2020,4,Mendoza,38.63
20204,2020,4,Tierra Del Fuego,76.27
20204,2020,4,Santiago Del Estero,43.75
20204,2020,4,Santa Fe,73.58
20204,2020,4,Santa Cruz,37.0
20204,2020,4,San Luis,81.68
20204,2020,4,Tucumán,54.78
20204,2020,4,Salta,54.04
20204,2020,4,Río Negro,61.09
20204,2020,4,Neuquén,67.0
20204,2020,4,Misiones,42.64
20204,2020,4,San Juan,36.32
20211,2021,1,Jujuy,55.63
20211,2021,1,Buenos Aires,69.11
20211,2021,1,Capital Federal,108.42
20211,2021,1,Catamarca,48.9
20211,2021,1,Chaco,43.14
20211,2021,1,Chubut,68.99
20211,2021,1,Córdoba,78.59
20211,2021,1,Corrientes,42.66
20211,2021,1,Entre Ríos,60.44
20211,2021,1,Formosa,32.73
20211,2021,1,La Pampa,81.78
20211,2021,1,La Rioja,49.81
20211,2021,1,Mendoza,39.15
20211,2021,1,Tierra Del Fuego,77.35
20211,2021,1,Santiago Del Estero,45.67
20211,2021,1,Santa Fe,73.92
20211,2021,1,Santa Cruz,41.65
20211,2021,1,San Luis,81.24
20211,2021,1,Tucumán,54.82
20211,2021,1,Salta,53.93
20211,2021,1,Río Negro,60.88
20211,2021,1,Neuquén,66.84
20211,2021,1,Misiones,43.17
20211,2021,1,San Juan,39.06
20212,2021,2,Jujuy,56.18
20212,2021,2,Buenos Aires,70.0
20212,2021,2,Capital Federal,110.14
20212,2021,2,Catamarca,52.34
20212,2021,2,Chaco,43.33
20212,2021,2,Chubut,72.29
20212,2021,2,Córdoba,80.12
20212,2021,2,Corrientes,43.54
20212,2021,2,Entre Ríos,61.66
20212,2021,2,Formosa,33.23
20212,2021,2,La Pampa,82.08
20212,2021,2,La Rioja,76.98
20212,2021,2,Mendoza,40.97
20212,2021,2,Misiones,45.01
20212,2021,2,Neuquén,69.14
20212,2021,2,Río Negro,61.94
20212,2021,2,Salta,54.93
20212,2021,2,San Juan,39.28
20212,2021,2,San Luis,83.48
20212,2021,2,Santa Cruz,44.01
20212,2021,2,Santa Fe,75.07
20212,2021,2,Santiago Del Estero,46.56
20212,2021,2,Tierra Del Fuego,67.89
20212,2021,2,Tucumán,54.93
20213,2021,3,Jujuy,55.69
20213,2021,3,Formosa,33.96
20213,2021,3,Entre Ríos,62.18
20213,2021,3,Corrientes,44.9
20213,2021,3,Buenos Aires,71.68
20213,2021,3,Chaco,42.96
20213,2021,3,Catamarca,52.71
20213,2021,3,Capital Federal,111.27
20213,2021,3,La Pampa,84.28
20213,2021,3,Chubut,80.71
20213,2021,3,La Rioja,77.26
20213,2021,3,Córdoba,81.28
20213,2021,3,Misiones,45.57
20213,2021,3,Tucumán,54.64
20213,2021,3,Tierra Del Fuego,94.95
20213,2021,3,Santiago Del Estero,47.0
20213,2021,3,Santa Fe,75.02
20213,2021,3,Santa Cruz,43.75
20213,2021,3,Mendoza,45.55
20213,2021,3,San Juan,39.46
20213,2021,3,Salta,55.96
20213,2021,3,Río Negro,61.97
20213,2021,3,Neuquén,69.71
20213,2021,3,San Luis,79.87
20214,2021,4,Jujuy,56.92
20214,2021,4,Buenos Aires,75.66
20214,2021,4,Capital Federal,111.27
20214,2021,4,Catamarca,55.25
20214,2021,4,Chaco,44.05
20214,2021,4,Chubut,82.57
20214,2021,4,Córdoba,84.51
20214,2021,4,Corrientes,45.51
20214,2021,4,Entre Ríos,63.16
20214,2021,4,Formosa,34.45
20214,2021,4,La Pampa,89.57
20214,2021,4,La Rioja,77.92
20214,2021,4,Mendoza,47.51
20214,2021,4,Misiones,49.06
20214,2021,4,Neuquén,73.3
20214,2021,4,Río Negro,65.69
20214,2021,4,Salta,56.81
20214,2021,4,San Juan,39.59
20214,2021,4,San Luis,80.3
20214,2021,4,Santa Cruz,43.05
20214,2021,4,Santa Fe,77.09
20214,2021,4,Santiago Del Estero,47.05
20214,2021,4,Tierra Del Fuego,98.4
20214,2021,4,Tucumán,55.93
20221,2022,1,Jujuy,58.06
20221,2022,1,Formosa,34.96
20221,2022,1,Entre Ríos,63.7
20221,2022,1,Corrientes,47.64
20221,2022,1,Buenos Aires,76.08
20221,2022,1,Chaco,44.06
20221,2022,1,Catamarca,58.21
20221,2022,1,Capital Federal,111.8
20221,2022,1,La Pampa,91.66
20221,2022,1,Chubut,88.05
20221,2022,1,La Rioja,78.77
20221,2022,1,Córdoba,85.76
20221,2022,1,Misiones,49.04
20221,2022,1,Neuquén,74.17
20221,2022,1,Río Negro,67.04
20221,2022,1,Salta,56.11
20221,2022,1,San Juan,43.55
20221,2022,1,San Luis,80.72
20221,2022,1,Santa Cruz,43.34
20221,2022,1,Santa Fe,77.3
20221,2022,1,Santiago Del Estero,47.17
20221,2022,1,Tierra Del Fuego,98.29
20221,2022,1,Tucumán,57.39
20221,2022,1,Mendoza,48.74
20222,2022,2,Jujuy,57.32
20222,2022,2,Formosa,43.42
20222,2022,2,Entre Ríos,63.9
20222,2022,2,Corrientes,48.35
20222,2022,2,Buenos Aires,77.58
20222,2022,2,Chaco,43.79
20222,2022,2,Catamarca,62.4
20222,2022,2,Capital Federal,121.31
20222,2022,2,La Pampa,92.98
20222,2022,2,Chubut,83.19
20222,2022,2,La Rioja,80.14
20222,2022,2,Córdoba,87.48
20222,2022,2,Misiones,51.0
20222,2022,2,Neuquén,80.02
20222,2022,2,Río Negro,67.85
20222,2022,2,Salta,57.54
20222,2022,2,San Juan,49.46
20222,2022,2,San Luis,81.76
20222,2022,2,Santa Cruz,43.15
20222,2022,2,Santa Fe,77.9
20222,2022,2,Santiago Del Estero,47.7
20222,2022,2,Tierra Del Fuego,99.86
20222,2022,2,Tucumán,59.31
20222,2022,2,Mendoza,49.39
20223,2022,3,Jujuy,58.91
20223,2022,3,Formosa,43.76
20223,2022,3,Entre Ríos,63.67
20223,2022,3,Corrientes,48.21
20223,2022,3,Capital Federal,122.28
20223,2022,3,Chubut,84.38
20223,2022,3,Chaco,43.86
20223,2022,3,Catamarca,65.33
20223,2022,3,La Pampa,96.59
20223,2022,3,Córdoba,88.31
20223,2022,3,La Rioja,80.66
20223,2022,3,San Juan,50.8
20223,2022,3,Misiones,51.82
20223,2022,3,Neuquén,80.37
20223,2022,3,Río Negro,67.98
20223,2022,3,Salta,57.76
20223,2022,3,San Luis,81.74
20223,2022,3,Santa Cruz,43.19
20223,2022,3,Santa Fe,78.55
20223,2022,3,Santiago Del Estero,47.98
20223,2022,3,Tierra Del Fuego,99.51
20223,2022,3,Tucumán,61.14
20223,2022,3,Mendoza,51.03
20223,2022,3,Buenos Aires,78.11
